Alabama,1DH5289,Jeffrey Hall
Alabama,0,Madison Santiago
Alabama,1DH5872,Richard Alvarez
Alaska,GEV844,Charles Leach
Alaska,GTW789,Dylan Owen
Alaska,GMH795,Linda Sampson DVM
Alaska,EUS687,Lisa Bailey
Alaska,KBP752,Erin Miller
Alaska,CCC772,Maria Adams
Arizona,CE04413,Heather Johnson
Arizona,BONDJB,Lisa Johnson
Arizona,CCX4344,Robert Burns
Arkansas,514KZE,Nicholas Sullivan
Arkansas,AAA23B,Daniel Watts
Arkansas,002YBX,Jason Campbell
Arkansas,311XKR,Craig Fox
Arkansas,032XLT,Ronald Murphy
Arkansas,284WME,Brooke Roberts
California,8HHV339,Sheri Chavez
California,7LME059,Ryan Wilson
California,8DKM380,Aaron Harper
California,8DZG034,Christine Hernandez
California,ANRCHST,Susan Fleming
California,H8TTRFC,Dr. Timothy Krause MD
California,7AQS214,Diane Williams
California,WLDCHIC,Zachary Williams
California,8BXC981,John Mitchell
California,6UCP708,Lisa Morrow
California,LESSSLI,Edward Reed
California,7ZPN788,Andrew Carlson
California,7AYW111,Meagan Williams
California,7BMB474,Ryan Boyd
California,08576U1,Larry Collier
California,7LNV651,Alicia Clayton
California,6VBV765,Kathleen Mcintosh
California,6TRJ244,Trevor Calderon
California,SHEERAZ,Linda Graves
California,5FVP402,Dr. Melinda Young
California,7KCG413,Elizabeth Waters
California,8JVM945,David Walls
California,02860C3,James Sanchez
Colorado,EQR590,Angela Daniels
Colorado,ADLD21,James Fischer
Colorado,586EHW,Tara Buchanan
Colorado,510IBD,Mary Garcia
Connecticut,AF00283,Kristina Booker
Connecticut,5ABJE8,Shaun Jones
Connecticut,2ADKB8,Martin Jones
Connecticut,9999CD,April Mason
Connecticut,2AKVL9,Cynthia Hull
Connecticut,8718CF,Patrick Brown
Connecticut,5AAHN6,Nicole Johnson
Connecticut,AMY,David Bridges
Connecticut,2,Hailey Horne
Connecticut,6AAAA1,Haley Morris
Connecticut,253ZSF,Haley Yates
Connecticut,6500,Shelley Johnson
Connecticut,AA08830,Heidi Griffith
Connecticut,0AGMR9,Luke Miller
Connecticut,784PAJ,James Ramirez
Connecticut,392YNJ,Patrick Pham
Connecticut,3674,Jesus Watson
Connecticut,7ABKH6,Dr. Erika Downs DDS
Connecticut,3CF593,Michelle Garcia
Connecticut,NEWMAN,Rodney Rivera
Connecticut,871,Jeffrey Bennett
Connecticut,2ABHA7,Danielle Guzman
Connecticut,AB83477,Frances Dixon
Connecticut,999994,Jennifer Lewis
Connecticut,4AKEN8,Cristina Humphrey
Connecticut,0AAAA9,Shannon Little
Connecticut,HOT4IR,Beth Reed
Connecticut,772XXU,Tina Sherman MD
Connecticut,409XWE,Erica Clark
Delaware,FT6314,Stephanie Hicks
Delaware,122222,Christopher Stout
Delaware,489761,Danielle Casey
Delaware,45,Theresa Robinson
Delaware,D,Jose Williams
Delaware,BLUEYZ,Valerie Reilly
Delaware,PHISH,Danielle Day
Delaware,297,Tracy Stephenson
Delaware,841012,Joshua Crawford
Delaware,101010,James Morgan
Delaware,388195,Eric Le
Delaware,C100419,Carol Dominguez
Delaware,LOWNMBR,Heather Miranda
Delaware,BUCKIZE,Jeffrey Bond
Florida,98AJDS,Diana Garcia
Florida,STPETE2,Sylvia Petersen
Florida,W71GJF,Caroline Delacruz
Florida,LHTG87,Ruth Solomon
Florida,IYTE32,Jocelyn Torres
Georgia,RRD7798,Michael Ruiz
Georgia,8,Charles Woodard
Georgia,CLD4318,Christopher Williams
Georgia,IDH8T0,Alexandria Henry
Hawaii,LLL723,Carla Chase
Hawaii,PTS400,Amber Howard
Hawaii,MNG728,Ashley Galloway
Idaho,1AD849T,Ronald Parker
Idaho,8BR2721,Rhonda Martinez
Idaho,1AWJ785,Matthew Hanson
Idaho,1A1975N,Edward Stein
Idaho,1ALU987,Carl Diaz
Idaho,2TCJ403,Ashley Mcintosh
Idaho,P0TAT0,Richard Love
Idaho,0,Janet Smith
Idaho,1AJ6090,Susan Freeman
Idaho,MPH714,Bradley Johnson
Idaho,SA1751,Amber Wong
Idaho,1A4632S,Lisa Leach
Idaho,1AUS557,Sara Estrada
Illinois,Z759800,Linda Gonzalez
Illinois,AAG777,Lisa Olson
Illinois,ZZ40794,Dominique Nelson
Indiana,SFK926,Dawn Coleman
Indiana,WQD444,Brandon Williams
Iowa,AKV363,Michelle Mcgee
Kansas,RVN,Kimberly Hernandez
Kentucky,79,Michael Barber
Kentucky,207ZAV,Heather Williams
Kentucky,417VSL,Brittany Taylor
Kentucky,694VHB,Leslie Woods
Louisiana,YYA800,Brenda Adams
Louisiana,ZHK814,Nicholas Klein
Louisiana,YKH436,Shawn Howell
Maine,4425XJ,Chad Ortiz
Maine,MDJJS5,Tricia Patrick
Maine,1Z,Melanie Smith
Maine,INNS,Sarah Summers
Maine,4011YA,Veronica Gonzalez
Maryland,2AC4654,Timothy Rocha
Maryland,7MD2405,Edgar Brandt
Maryland,8BG4954,Stephanie Hughes
Massachusetts,1HJF64,Barry Franco
Massachusetts,7KY777,William Butler
Massachusetts,2CVN15,Jacob Rogers
Massachusetts,XCSKI,Walter Quinn
Massachusetts,9GAP10,Rhonda Koch
Massachusetts,V92,Paul Fleming
Massachusetts,19F770,Jason Cardenas
Massachusetts,710,Jacqueline Hunt
Massachusetts,215BG2,Cathy Powers
Massachusetts,CAPER,Lisa Wilkins
Massachusetts,10787,Robert Meyers
Massachusetts,41J410,Edward Allen
Massachusetts,0,Stephanie Cochran
Massachusetts,107G30,Jacob Aguirre
Michigan,DWR2776,David Mason
Michigan,EBP5414,Deborah Alvarado
Michigan,DNJ0955,Scott Richardson
Michigan,DAQ5611,Michele Sexton
Minnesota,382AMC,Benjamin Rosales
Minnesota,819285,Nicholas Jones
Minnesota,787HDD,Hector Allen
Minnesota,AYP197,Mr. Kyle Harrington
Minnesota,457MKZ,Todd Finley
Minnesota,AVI2455,Kimberly Singh
Minnesota,JULEZ,Alec Walker
Minnesota,MES639,Lisa Hill
Minnesota,583WLP,Ebony Smith
Minnesota,831LAH,Michael Johnson
Minnesota,035EBY,Chad Fox
Minnesota,DDW515,Manuel Chambers
Mississippi,RAF660,Shawna Clark
Missouri,91,Noah Brown
Missouri,84E3HX,Laura Silva
Missouri,DE8Y2A,Kevin Smith
Missouri,HK0D4J,Emily May
Montana,351783B,Peter Bailey
Montana,235559,Jennifer Benson
Montana,358812B,Renee Smith
Montana,388169B,Mark Ortiz
Nebraska,TFV376,Michael Mata
Nebraska,20AG65,Kimberly Fuentes
Nevada,969ZDC,Ronald Wade
Nevada,900829,Michelle Hart
Nevada,JNJJEMM,Michelle Whitney
Nevada,22449,Tara Petty
Nevada,126482,Crystal Hart
Nevada,G,Kathryn Sloan
Nevada,879ZCM,Julie Lambert
Nevada,ERTHSHP,Thomas Benson
Nevada,SHPCART,Christina Williams
Nevada,879TDA,Michael James
Nevada,901615,Troy Henry
Nevada,SAMPLE,Matthew Hernandez
Nevada,890ANV,Martin Pham
Nevada,BEBEKHO,Andrew Scott
Nevada,00C669,Heather Torres
Nevada,DRVIRON,Joshua Dawson
Nevada,165030,Andrew Johnson
Nevada,248UGM,Mark Franklin
Nevada,1269,Jacqueline Lee
Nevada,430APG,Emily Thomas
New Hampshire,4108588,Dan Mason
New Hampshire,3389760,Anthony Maxwell
New Hampshire,3171327,John Miller
New Hampshire,4645941,Bradley Ramsey
New Hampshire,4319881,Christopher Baker
New Hampshire,3094227,Patrick Durham MD
New Hampshire,1043498,Christine Carter
New Hampshire,3776283,Colleen Smith
New Hampshire,849041,Sarah Miller DDS
New Hampshire,1880340,Stephanie Sampson
New Hampshire,2072653,Edward Thompson
New Hampshire,294381,Jean Reyes
New Hampshire,1066384,Megan Jones
New Jersey,R75EFL,Heather Clark
New Jersey,E33LAD,Adam Riley
New Jersey,R55FZF,Molly Castro
New Jersey,G74MBB,Melissa Landry
New Jersey,C90ELE,Michele Arnold
New Mexico,LJA985,Connie Jones
New Mexico,IQZER0,Wendy Martinez
New Mexico,PFC602,Shirley Wood
New York,JKS3724,Nicholas Reed
New York,11183BB,John Lopez
New York,GAP4563,Monica Le
New York,R14893,Melissa Santos
North Carolina,AEL49,Mary Le
North Carolina,DKS561,Stephanie Griffin
North Carolina,ZSY291,Lindsey Gomez
North Carolina,DXT4752,Jacob Miller
North Dakota,CAKE4U,Shannon Hanson
North Dakota,JYJ557,Alan Sanchez
North Dakota,DAK367,Darrell Luna
Ohio,0HI0,Andrew Collins
Oklahoma,352AKX,Robert Moon
Oregon,QFM713,Barbara Johnson
Oregon,873GNT,Philip Matthews
Oregon,942FQL,Lauren White
Oregon,YWT225,Jason Robinson
Pennsylvania,XCG6033,Michael Rodgers
Pennsylvania,DT09667,Michael Jones
Pennsylvania,YYX2828,Robert Joseph
Pennsylvania,ABC1234,Martin Jackson
Pennsylvania,AF71404,Reginald Hanna
Pennsylvania,IQU010,Michael Mcclure
Pennsylvania,HMM3999,Lauren Dyer
Pennsylvania,HH01271,Jeanne Russell
Pennsylvania,RT49800,Michael Stein
Rhode Island,1BF597,Todd Clark
Rhode Island,72957,Lisa Thomas
Rhode Island,KS693,Julie Chung
Rhode Island,1DC613,Sylvia Wagner
South Carolina,IZI693,Kristina Gonzalez
South Carolina,LXS478,Elizabeth Campos
South Dakota,1BLV44,Chad Miller
Tennessee,V9459X,Elizabeth Stewart
Tennessee,111SSS,Pamela Gonzalez
Tennessee,N4537B,Tracey Smith
Tennessee,995BML,David Grimes
Tennessee,N5482W,Jared James
Tennessee,8T89L4,Amy Melendez
Tennessee,140YTB,Austin Dennis
Tennessee,5V45K7,Daniel Lee
Tennessee,7B16E6,Heather Thompson
Texas,AA08199,Darlene Ortiz
Texas,BK6H598,Sarah Young
Utah,B059JK,Brian Dunlap
Utah,E093RG,John Burns
Vermont,0,Jeffrey Price
Vermont,T16111,Eric Lopez
Vermont,29,Crystal Kane
Vermont,CGX308,William Wilson
Vermont,23,Mrs. Debra Torres
Vermont,BRAHMS,Nancy Lewis
Vermont,GLX984,Garrett Owens
Virginia,SAMPLE,Stefanie Ortiz
Virginia,YHT9919,Paul Gould
Washington,458UGU,Kimberly Terry
Washington,BJS3288,Tammy Martin MD
Washington,AUV1636,Susan Lewis
Washington,CAA0286,Sarah Wagner
West Virginia,1DC821,Mark Simmons
West Virginia,NAD434,Daniel Rodriguez
West Virginia,43F865,Stacey Holt
West Virginia,661,David Sampson
West Virginia,JWX6,Debra Sosa
West Virginia,2MZ227,Jesse Spence
West Virginia,2MN830,Jamie Ford
West Virginia,K9HANDLR,Bryan Stanley
West Virginia,53B229,Linda Woods
West Virginia,64X331,Vanessa Rowland
West Virginia,9UW767,Christina Combs
West Virginia,9DD999,Alan Mcdaniel
West Virginia,99977,Michael Morgan
West Virginia,BIGDREMZ,Kathryn Perkins
West Virginia,71T908,Christine Marshall
West Virginia,2WP941,Brianna Holland
West Virginia,55H247,Thomas Guzman
West Virginia,72B153,Kevin Beck
West Virginia,JWC2,Douglas Gentry
West Virginia,2,Gavin Harding MD
West Virginia,35,Vincent Park
West Virginia,CURAWTZM,Sarah Knight
West Virginia,52T874,Shawn Matthews
Wisconsin,778393,Sandra Zuniga
Wisconsin,777LLL,Brandon Robinson
Wisconsin,264077F,Andrew Smith
Wyoming,11450B,Molly Jones
Wyoming,2248973,Kristin Franklin
Wyoming,1753194,Shannon Hughes